Workbook

Sheet 표지
B2: 오늘살림 가계부
B4: 계산해주는 살림 · 한 달 -50만원 프로젝트
B9: 📌 사용법 (3단계)
B10: ① [설정] 시트에서 이번 달 카테고리별 예산을 정해요.
B11: ② [1월]~[12월] 시트에 그날 쓴 돈을 한 줄씩 적어요. (카테고리는 드롭다운)
B12: ③ [대시보드]가 예산 대비 지출·절약액을 자동으로 계산해줘요.
B14: 💡 완벽하게 다 적으려 하지 마세요. '큰 지출 1개'만 놓치지 않아도 충분해요.
B17: ⓒ 오늘살림 · 개인 사용/1가구용 · 재판매·재배포 금지

Sheet 설정
B2: 카테고리별 월 예산 설정
B4: 카테고리 | C4: 월 예산 | D4: 메모(선택)
B5: 식비 | C5: 500000
B6: 생활용품 | C6: 120000
B7: 주거/공과금 | C7: 350000
B8: 교통 | C8: 80000
B9: 통신 | C9: 70000
B10: 의료/건강 | C10: 50000
B11: 문화/여가 | C11: 100000
B12: 의류/미용 | C12: 80000
B13: 경조사 | C13: 50000
B14: 저축/투자 | C14: 300000
B15: 기타 | C15: 50000
B16: 합계 | C16: =SUM(C5:C15)
B18: 월 목표 저축액 | C18: 400000

Sheet 대시보드
B2: 대시보드 | F2: 조회 월 | G2: 1월
B4: 카테고리 | C4: 예산 | D4: 지출 | E4: 잔액 | F4: 달성률
B5: 식비 | C5: =IFERROR(VLOOKUP(B5,설정!$B$5:$C$15,2,0),0) | D5: =SUMIF(INDIRECT("'"&$G$2&"'!C6:C65"),B5,INDIRECT("'"&$G$2&"'!F6:F65")) | E5: =C5-D5 | F5: =IFERROR(D5/C5,0)
B6: 생활용품 | C6: =IFERROR(VLOOKUP(B6,설정!$B$5:$C$15,2,0),0) | D6: =SUMIF(INDIRECT("'"&$G$2&"'!C6:C65"),B6,INDIRECT("'"&$G$2&"'!F6:F65")) | E6: =C6-D6 | F6: =IFERROR(D6/C6,0)
B7: 주거/공과금 | C7: =IFERROR(VLOOKUP(B7,설정!$B$5:$C$15,2,0),0) | D7: =SUMIF(INDIRECT("'"&$G$2&"'!C6:C65"),B7,INDIRECT("'"&$G$2&"'!F6:F65")) | E7: =C7-D7 | F7: =IFERROR(D7/C7,0)
B8: 교통 | C8: =IFERROR(VLOOKUP(B8,설정!$B$5:$C$15,2,0),0) | D8: =SUMIF(INDIRECT("'"&$G$2&"'!C6:C65"),B8,INDIRECT("'"&$G$2&"'!F6:F65")) | E8: =C8-D8 | F8: =IFERROR(D8/C8,0)
B9: 통신 | C9: =IFERROR(VLOOKUP(B9,설정!$B$5:$C$15,2,0),0) | D9: =SUMIF(INDIRECT("'"&$G$2&"'!C6:C65"),B9,INDIRECT("'"&$G$2&"'!F6:F65")) | E9: =C9-D9 | F9: =IFERROR(D9/C9,0)
B10: 의료/건강 | C10: =IFERROR(VLOOKUP(B10,설정!$B$5:$C$15,2,0),0) | D10: =SUMIF(INDIRECT("'"&$G$2&"'!C6:C65"),B10,INDIRECT("'"&$G$2&"'!F6:F65")) | E10: =C10-D10 | F10: =IFERROR(D10/C10,0)
B11: 문화/여가 | C11: =IFERROR(VLOOKUP(B11,설정!$B$5:$C$15,2,0),0) | D11: =SUMIF(INDIRECT("'"&$G$2&"'!C6:C65"),B11,INDIRECT("'"&$G$2&"'!F6:F65")) | E11: =C11-D11 | F11: =IFERROR(D11/C11,0)
B12: 의류/미용 | C12: =IFERROR(VLOOKUP(B12,설정!$B$5:$C$15,2,0),0) | D12: =SUMIF(INDIRECT("'"&$G$2&"'!C6:C65"),B12,INDIRECT("'"&$G$2&"'!F6:F65")) | E12: =C12-D12 | F12: =IFERROR(D12/C12,0)
B13: 경조사 | C13: =IFERROR(VLOOKUP(B13,설정!$B$5:$C$15,2,0),0) | D13: =SUMIF(INDIRECT("'"&$G$2&"'!C6:C65"),B13,INDIRECT("'"&$G$2&"'!F6:F65")) | E13: =C13-D13 | F13: =IFERROR(D13/C13,0)
B14: 저축/투자 | C14: =IFERROR(VLOOKUP(B14,설정!$B$5:$C$15,2,0),0) | D14: =SUMIF(INDIRECT("'"&$G$2&"'!C6:C65"),B14,INDIRECT("'"&$G$2&"'!F6:F65")) | E14: =C14-D14 | F14: =IFERROR(D14/C14,0)
B15: 기타 | C15: =IFERROR(VLOOKUP(B15,설정!$B$5:$C$15,2,0),0) | D15: =SUMIF(INDIRECT("'"&$G$2&"'!C6:C65"),B15,INDIRECT("'"&$G$2&"'!F6:F65")) | E15: =C15-D15 | F15: =IFERROR(D15/C15,0)
B16: 합계 | C16: =SUM(C5:C15) | D16: =SUM(D5:D15) | E16: =SUM(E5:E15) | F16: =IFERROR(D16/C16,0)
B18: 이번 달 총지출 | C18: 총예산 대비 잔액 | D18: 목표 저축액 | E18: 예산 달성률
B19: =D16 | C19: =C16-D16 | D19: =설정!$C$18 | E19: =IFERROR(D16/C16,0)
B21: 💡 잔액이 빨강이면 그 카테고리는 예산 초과예요. 다음 달 예산을 조정하거나 지출을 점검하세요.

Sheet 1월
B2: 1월 지출 기록 | F2: 이번 달 합계
F3: =SUM(F6:F65)
B5: 날짜 | C5: 카테고리 | D5: 결제수단 | E5: 내용 | F5: 금액 | G5: 고정비

Sheet 2월
B2: 2월 지출 기록 | F2: 이번 달 합계
F3: =SUM(F6:F65)
B5: 날짜 | C5: 카테고리 | D5: 결제수단 | E5: 내용 | F5: 금액 | G5: 고정비

Sheet 3월
B2: 3월 지출 기록 | F2: 이번 달 합계
F3: =SUM(F6:F65)
B5: 날짜 | C5: 카테고리 | D5: 결제수단 | E5: 내용 | F5: 금액 | G5: 고정비

Sheet 4월
B2: 4월 지출 기록 | F2: 이번 달 합계
F3: =SUM(F6:F65)
B5: 날짜 | C5: 카테고리 | D5: 결제수단 | E5: 내용 | F5: 금액 | G5: 고정비

Sheet 5월
B2: 5월 지출 기록 | F2: 이번 달 합계
F3: =SUM(F6:F65)
B5: 날짜 | C5: 카테고리 | D5: 결제수단 | E5: 내용 | F5: 금액 | G5: 고정비

Sheet 6월
B2: 6월 지출 기록 | F2: 이번 달 합계
F3: =SUM(F6:F65)
B5: 날짜 | C5: 카테고리 | D5: 결제수단 | E5: 내용 | F5: 금액 | G5: 고정비

Sheet 7월
B2: 7월 지출 기록 | F2: 이번 달 합계
F3: =SUM(F6:F65)
B5: 날짜 | C5: 카테고리 | D5: 결제수단 | E5: 내용 | F5: 금액 | G5: 고정비

Sheet 8월
B2: 8월 지출 기록 | F2: 이번 달 합계
F3: =SUM(F6:F65)
B5: 날짜 | C5: 카테고리 | D5: 결제수단 | E5: 내용 | F5: 금액 | G5: 고정비

Sheet 9월
B2: 9월 지출 기록 | F2: 이번 달 합계
F3: =SUM(F6:F65)
B5: 날짜 | C5: 카테고리 | D5: 결제수단 | E5: 내용 | F5: 금액 | G5: 고정비

Sheet 10월
B2: 10월 지출 기록 | F2: 이번 달 합계
F3: =SUM(F6:F65)
B5: 날짜 | C5: 카테고리 | D5: 결제수단 | E5: 내용 | F5: 금액 | G5: 고정비

Sheet 11월
B2: 11월 지출 기록 | F2: 이번 달 합계
F3: =SUM(F6:F65)
B5: 날짜 | C5: 카테고리 | D5: 결제수단 | E5: 내용 | F5: 금액 | G5: 고정비

Sheet 12월
B2: 12월 지출 기록 | F2: 이번 달 합계
F3: =SUM(F6:F65)
B5: 날짜 | C5: 카테고리 | D5: 결제수단 | E5: 내용 | F5: 금액 | G5: 고정비
